{
  "type": "minecraft:block",
  "pools": [
    {
      "rolls": 1.0,
      "entries": [
        {
          "type": "minecraft:item",
          "name": "minecraft:sweet_berries"
        }
      ],
      "conditions": [
        {
          "condition": "minecraft:block_state_property",
          "block": "minecraft:sweet_berry_bush",
          "properties": {
            "age": "3"
          }
        }
      ],
      "functions": [
        {
          "function": "minecraft:set_count",
          "count": {
            "min": 2.0,
            "max": 3.0,
            "type": "minecraft:uniform"
          }
        },
        {
          "function": "minecraft:apply_bonus",
          "enchantment": "minecraft:fortune",
          "formula": "minecraft:uniform_bonus_count",
          "parameters": {
            "bonusMultiplier": 1
          }
        }
      ]
    },
    {
      "rolls": 1.0,
      "entries": [
        {
          "type": "minecraft:item",
          "name": "minecraft:sweet_berries"
        }
      ],
      "conditions": [
        {
          "condition": "minecraft:block_state_property",
          "block": "minecraft:sweet_berry_bush",
          "properties": {
            "age": "2"
          }
        }
      ],
      "functions": [
        {
          "function": "minecraft:set_count",
          "count": {
            "min": 1.0,
            "max": 2.0,
            "type": "minecraft:uniform"
          }
        },
        {
          "function": "minecraft:apply_bonus",
          "enchantment": "minecraft:fortune",
          "formula": "minecraft:uniform_bonus_count",
          "parameters": {
            "bonusMultiplier": 1
          }
        }
      ]
    }
  ],
  "functions": [
    {
      "function": "minecraft:explosion_decay"
    }
  ]
}